part,sequence_index,marker_id,camera_x_m,camera_y_m,camera_z_m,estimated_robot_x_mm,estimated_robot_y_mm,estimated_robot_z_mm,command_x_mm,command_y_mm,command_z_mm,tool_x_at_dot_mm,tool_y_at_dot_mm,tool_z_at_dot_mm
1,0,1,-0.04665035178015076,0.027757602037941052,0.6476456370465249,278.61498533774096,82.40703412488854,-208.04507780669934,278.61498533774096,82.40703412488854,-125,274.4451599121094,75.81413269042969,-116.04805755615234
1,0,2,-0.04415756659435087,-0.08396593954096117,0.6503003240143684,281.03933312375926,-29.22480653537392,-202.76627373506918,281.03933312375926,-29.22480653537392,-125,279.5423583984375,-30.636905670166016,-118.62396240234375
1,0,1,-0.057049176003589955,0.0613585558498624,0.6549643680087809,288.52160285495876,115.91356044204338,-216.4054060732271,288.52160285495876,115.91356044204338,-105,284.6838684082031,109.48249816894531,-96.96453857421875
1,0,1,-0.07961759744338241,0.04819245982802403,0.6580652848034018,311.8181099537973,103.71229391249095,-215.5703804591891,311.8181099537973,103.71229391249095,25,310.4678955078125,101.77633666992188,30.092092514038086
1,0,1,-0.07678423721753733,0.047417056195459405,0.6562541361806898,308.8027352282146,102.92054850559298,-214.09048358057913,308.8027352282146,102.92054850559298,10,308.802734375,102.92053985595703,10.000011444091797
1,0,1,-0.07675379280499961,0.04766816514589003,0.662251625798469,309.5607618116153,102.76353263454912,-220.0431809521669,309.5607618116153,102.76353263454912,5,309.5607604980469,102.76353454589844,4.999992370605469
1,0,1,-0.07675379280499961,0.04766816514589003,0.662251625798469,309.5607618116153,102.76353263454912,-220.0431809521669,309.5607618116153,102.76353263454912,0,309.5607604980469,102.76353454589844,0.0
1,0,2,-0.060260765245445484,-0.09939054303099788,0.654721882149922,298.20111237741764,-44.08904085639938,-203.91058438602826,298.20111237741764,-44.08904085639938,0,298.20111083984375,-44.08904266357422,0.0
1,0,3,0.036390992001866976,0.003498968430983542,0.6300170747873566,195.02086360133384,55.27655844310873,-199.61463361173938,195.02086360133384,55.27655844310873,0,195.02084350585938,55.27655792236328,0.0
2,0,1,-0.07335102478720497,0.0671508214750688,0.6558805386077508,304.5513956221162,122.4380755629343,-215.620275713053,304.5513956221162,122.4380755629343,0,304.5513916015625,122.43807983398438,0.0
2,1,2,-0.061077476007923605,-0.07844392724097429,0.6544317051025138,298.12015604293725,-23.156197161838907,-205.06012045517218,298.12015604293725,-23.156197161838907,0,298.1201477050781,-23.156198501586914,-7.62939453125e-06
2,2,3,0.035383009867559906,0.022146925866200772,0.6313279855709321,195.43584925831308,73.82013902622305,-202.15318391324953,195.43584925831308,73.82013902622305,0,195.4358673095703,73.82012939453125,-1.52587890625e-05
2,3,1,-0.07335102478720497,0.0671508214750688,0.6558805386077508,304.5513956221162,122.4380755629343,-215.620275713053,304.5513956221162,122.4380755629343,0,304.5513916015625,122.43807983398438,0.0
2,4,1,-0.07335102478720497,0.0671508214750688,0.6558805386077508,304.5513956221162,122.4380755629343,-215.620275713053,304.5513956221162,122.4380755629343,0,304.5513916015625,122.43807983398438,0.0
2,5,2,-0.061077476007923605,-0.07844392724097429,0.6544317051025138,298.12015604293725,-23.156197161838907,-205.06012045517218,298.12015604293725,-23.156197161838907,0,298.1201477050781,-23.156198501586914,-7.62939453125e-06
