run,point,target_x,target_y,target_z,actual_x,actual_y,actual_z,error
1.000000000000000000e+00,0.000000000000000000e+00,2.500000000000000000e+02,0.000000000000000000e+00,-1.000000000000000000e+01,2.479232949620320596e+02,8.938541827885596383e-03,-1.216051597356219816e+01,2.996767088758959030e+00
1.000000000000000000e+00,1.000000000000000000e+00,2.496057350657238771e+02,6.266661678215212916e+00,-1.000000000000000000e+01,2.490631701837176877e+02,3.485478053932805409e+00,-1.095692556391456662e+01,2.990830242263212924e+00
1.000000000000000000e+00,2.000000000000000000e+00,2.484291580564315609e+02,1.243449435824273941e+01,-1.000000000000000000e+01,2.487235474359724776e+02,9.486848393415371561e+00,-1.033636710320540431e+01,2.981346116919058264e+00
1.000000000000000000e+00,3.000000000000000000e+00,2.464888242944125523e+02,1.840622763423390040e+01,-1.000000000000000000e+01,2.472652981370390535e+02,1.550901343613033134e+01,-1.005040386811627684e+01,2.999883712395724267e+00
1.000000000000000000e+00,4.000000000000000000e+00,2.438153340021931967e+02,2.408768370508576595e+01,-1.000000000000000000e+01,2.449374901531908506e+02,2.131356428365803524e+01,-9.882982488875526883e+00,2.994773128214249791e+00
1.000000000000000000e+00,5.000000000000000000e+00,2.404508497187473779e+02,2.938926261462365730e+01,-1.000000000000000000e+01,2.418568269442040730e+02,2.678454936674664921e+01,-9.762387379963044509e+00,2.969471808145301317e+00
1.000000000000000000e+00,6.000000000000000000e+00,2.364484313710705692e+02,3.422735529643443897e+01,-1.000000000000000000e+01,2.381248706999340357e+02,3.178912582951656063e+01,-9.662812976589563618e+00,2.978104572620515089e+00
1.000000000000000000e+00,7.000000000000000000e+00,2.318711994874344668e+02,3.852566213878946400e+01,-1.000000000000000000e+01,2.337983941880418399e+02,3.628454984979347842e+01,-9.575833457593986964e+00,2.986064460395093434e+00
1.000000000000000000e+00,8.000000000000000000e+00,2.267913397489498379e+02,4.221639627510075599e+01,-1.000000000000000000e+01,2.289454180402318570e+02,4.021081216177430662e+01,-9.500933117122698945e+00,2.985211663213308775e+00
1.000000000000000000e+00,9.000000000000000000e+00,2.212889645782536263e+02,4.524135262330097618e+01,-1.000000000000000000e+01,2.236418868424363495e+02,4.351026192064085052e+01,-9.438962521002494555e+00,2.974505211789510106e+00
1.000000000000000000e+00,1.000000000000000000e+01,2.154508497187473779e+02,4.755282581475767500e+01,-1.000000000000000000e+01,2.179692245004994788e+02,4.613329435258211930e+01,-9.390688754122251680e+00,2.954410483975493218e+00
1.000000000000000000e+00,1.100000000000000000e+01,2.093690657292862340e+02,4.911436253643443450e+01,-1.000000000000000000e+01,2.120629919340054528e+02,4.802250597193250314e+01,-9.352991958640004100e+00,2.977920173460556708e+00
1.000000000000000000e+00,1.200000000000000000e+01,2.031395259764656771e+02,4.990133642141357484e+01,-1.000000000000000000e+01,2.059364188101345405e+02,4.918784196907522244e+01,-9.329308665251161869e+00,2.963361389208718943e+00
1.000000000000000000e+00,1.300000000000000000e+01,1.968604740235343229e+02,4.990133642141357484e+01,-1.000000000000000000e+01,1.997615079507769167e+02,4.959536099304768442e+01,-9.319679030757797022e+00,2.995405720593944388e+00
1.000000000000000000e+00,1.400000000000000000e+01,1.906309342707137660e+02,4.911436253643442740e+01,-1.000000000000000000e+01,1.935507866672512591e+02,4.925245001357431818e+01,-9.325321013394827219e+00,2.999966317123441417e+00
1.000000000000000000e+00,1.500000000000000000e+01,1.845491502812526221e+02,4.755282581475767500e+01,-1.000000000000000000e+01,1.873786228621877967e+02,4.814973301522298499e+01,-9.354144838182193666e+00,2.962995474562524212e+00
1.000000000000000000e+00,1.600000000000000000e+01,1.787110354217463737e+02,4.524135262330097618e+01,-1.000000000000000000e+01,1.814399464165981897e+02,4.631378796612368376e+01,-9.400430528579462930e+00,2.992750630008770063e+00
1.000000000000000000e+00,1.700000000000000000e+01,1.732086602510501621e+02,4.221639627510074888e+01,-1.000000000000000000e+01,1.757011730043344926e+02,4.372315627417908246e+01,-9.465588578997639502e+00,2.961172248790221229e+00
1.000000000000000000e+00,1.800000000000000000e+01,1.681288005125655047e+02,3.852566213878946400e+01,-1.000000000000000000e+01,1.703353384552062835e+02,4.042866034858629121e+01,-9.551112606011187722e+00,2.948170919618704477e+00
1.000000000000000000e+00,1.900000000000000000e+01,1.635515686289294308e+02,3.422735529643442476e+01,-1.000000000000000000e+01,1.654469177547476875e+02,3.648571139570947963e+01,-9.647884459277847213e+00,2.969260166083619534e+00
1.000000000000000000e+00,2.000000000000000000e+01,1.595491502812526505e+02,2.938926261462366085e+01,-1.000000000000000000e+01,1.610902465775450025e+02,3.191773617742570224e+01,-9.753884667518590845e+00,2.971317739508396727e+00
1.000000000000000000e+00,2.100000000000000000e+01,1.561846659978068033e+02,2.408768370508575885e+01,-1.000000000000000000e+01,1.573754262447295673e+02,2.682159915550258233e+01,-9.864578820001597137e+00,2.985053190760852182e+00
1.000000000000000000e+00,2.200000000000000000e+01,1.535111757055874193e+02,1.840622763423388619e+01,-1.000000000000000000e+01,1.543516454932274087e+02,2.124042435622178004e+01,-9.976801278614161106e+00,2.956281228762999369e+00
1.000000000000000000e+00,2.300000000000000000e+01,1.515708419435684391e+02,1.243449435824274119e+01,-1.000000000000000000e+01,1.521081060253857515e+02,1.534574555297968956e+01,-1.008356924917187314e+01,2.961590794129982385e+00
1.000000000000000000e+00,2.400000000000000000e+01,1.503942649342761229e+02,6.266661678215204923e+00,-1.000000000000000000e+01,1.506621465293227686e+02,9.207926784549938404e+00,-1.018293409172541431e+01,2.959098825085503925e+00
1.000000000000000000e+00,2.500000000000000000e+01,1.500000000000000000e+02,-1.608122649676636709e-14,-1.000000000000000000e+01,1.500337314777308109e+02,2.964986264321321840e+00,-1.027478844183154649e+01,2.977883484619288534e+00
1.000000000000000000e+00,2.600000000000000000e+01,1.503942649342761229e+02,-6.266661678215214693e+00,-1.000000000000000000e+01,1.502155656023392112e+02,-3.323230792104013176e+00,-1.036158658635109475e+01,2.970936500832205507e+00
1.000000000000000000e+00,2.700000000000000000e+01,1.515708419435684391e+02,-1.243449435824275007e+01,-1.000000000000000000e+01,1.511929816707475993e+02,-9.521482768008043607e+00,-1.044484257322987730e+01,2.970908922463923574e+00
1.000000000000000000e+00,2.800000000000000000e+01,1.535111757055874477e+02,-1.840622763423391461e+01,-1.000000000000000000e+01,1.529315566355985254e+02,-1.552564149984208797e+01,-1.052722319633868153e+01,2.985246898114600977e+00
1.000000000000000000e+00,2.900000000000000000e+01,1.561846659978068033e+02,-2.408768370508576950e+01,-1.000000000000000000e+01,1.553949308772425013e+02,-2.128650104092244177e+01,-1.061061093223950991e+01,2.973743699317793254e+00
1.000000000000000000e+00,3.000000000000000000e+01,1.595491502812526505e+02,-2.938926261462366796e+01,-1.000000000000000000e+01,1.585223342976748029e+02,-2.668108353435436797e+01,-1.069666111241154738e+01,2.978912838685568332e+00
1.000000000000000000e+00,3.100000000000000000e+01,1.635515686289294308e+02,-3.422735529643443897e+01,-1.000000000000000000e+01,1.622670049984292007e+02,-3.166177571304815785e+01,-1.078578635041922951e+01,2.974855039829273462e+00
1.000000000000000000e+00,3.200000000000000000e+01,1.681288005125655332e+02,-3.852566213878947110e+01,-1.000000000000000000e+01,1.665688633732344499e+02,-3.616027208341455434e+01,-1.087652085505105504e+01,2.965933715050022457e+00
1.000000000000000000e+00,3.300000000000000000e+01,1.732086602510501905e+02,-4.221639627510076309e+01,-1.000000000000000000e+01,1.713610144173488266e+02,-4.010947542631507901e+01,-1.096713275316459146e+01,2.964499342567901152e+00
1.000000000000000000e+00,3.400000000000000000e+01,1.787110354217464021e+02,-4.524135262330099039e+01,-1.000000000000000000e+01,1.765702749940871854e+02,-4.344992021988094422e+01,-1.105563996198235088e+01,2.984369446631749412e+00
1.000000000000000000e+00,3.500000000000000000e+01,1.845491502812526221e+02,-4.755282581475767500e+01,-1.000000000000000000e+01,1.821625521446481457e+02,-4.615519342923555968e+01,-1.113671091808662084e+01,2.990207126939791848e+00
1.000000000000000000e+00,3.600000000000000000e+01,1.906309342707137660e+02,-4.911436253643443450e+01,-1.000000000000000000e+01,1.880773723885501454e+02,-4.817260439482648593e+01,-1.120181639245434724e+01,2.975222567220114911e+00
1.000000000000000000e+00,3.700000000000000000e+01,1.968604740235343513e+02,-4.990133642141357484e+01,-1.000000000000000000e+01,1.941909157562763539e+02,-4.943717625293351858e+01,-1.124757383462603855e+01,2.983023043345872871e+00
1.000000000000000000e+00,3.800000000000000000e+01,2.031395259764656771e+02,-4.990133642141357484e+01,-1.000000000000000000e+01,2.004530371600095009e+02,-4.992022216898273257e+01,-1.127096510934562446e+01,2.972024754536759961e+00
1.000000000000000000e+00,3.900000000000000000e+01,2.093690657292862625e+02,-4.911436253643442740e+01,-1.000000000000000000e+01,2.067268493019753919e+02,-4.959530006623620579e+01,-1.127005851222502031e+01,2.970800764238236358e+00
1.000000000000000000e+00,4.000000000000000000e+01,2.154508497187473495e+02,-4.755282581475768211e+01,-1.000000000000000000e+01,2.129040836345373577e+02,-4.846434823339004794e+01,-1.124840678100234470e+01,2.979162650511772537e+00
1.000000000000000000e+00,4.100000000000000000e+01,2.212889645782536263e+02,-4.524135262330097618e+01,-1.000000000000000000e+01,2.188827547280786803e+02,-4.654604370836652549e+01,-1.120823519235914034e+01,2.991972083857666220e+00
1.000000000000000000e+00,4.200000000000000000e+01,2.267913397489498379e+02,-4.221639627510074888e+01,-1.000000000000000000e+01,2.246063427888420279e+02,-4.384602203358910089e+01,-1.114595339704577270e+01,2.956873520563545021e+00
1.000000000000000000e+00,4.300000000000000000e+01,2.318711994874344953e+02,-3.852566213878944978e+01,-1.000000000000000000e+01,2.298699389209847368e+02,-4.048151712240653666e+01,-1.107346453062784519e+01,2.997121730975013776e+00
1.000000000000000000e+00,4.400000000000000000e+01,2.364484313710705976e+02,-3.422735529643441055e+01,-1.000000000000000000e+01,2.347173856271916463e+02,-3.641392362663030013e+01,-1.098575716122552137e+01,2.957924544494749508e+00
1.000000000000000000e+00,4.500000000000000000e+01,2.404508497187474063e+02,-2.938926261462362888e+01,-1.000000000000000000e+01,2.389597831388669533e+02,-3.181724906460840785e+01,-1.088975427293119935e+01,2.984972430885318939e+00
1.000000000000000000e+00,4.600000000000000000e+01,2.438153340021931967e+02,-2.408768370508576595e+01,-1.000000000000000000e+01,2.426033196623094739e+02,-2.668908824595236950e+01,-1.078549839024127266e+01,2.975448212689441263e+00
1.000000000000000000e+00,4.700000000000000000e+01,2.464888242944125807e+02,-1.840622763423389330e+01,-1.000000000000000000e+01,2.455525898461401653e+02,-2.117278932089494248e+01,-1.067538412682078786e+01,2.997756198725016752e+00
1.000000000000000000e+00,4.800000000000000000e+01,2.484291580564315609e+02,-1.243449435824272520e+01,-1.000000000000000000e+01,2.477957293581935971e+02,-1.528480990891707414e+01,-1.055829334919449991e+01,2.972746561333857063e+00
1.000000000000000000e+00,4.900000000000000000e+01,2.496057350657238771e+02,-6.266661678215188935e+00,-1.000000000000000000e+01,2.492706209876121193e+02,-9.193287345413946099e+00,-1.043833641887526653e+01,2.978183684289412270e+00
2.000000000000000000e+00,0.000000000000000000e+00,2.500000000000000000e+02,0.000000000000000000e+00,-1.000000000000000000e+01,2.499677203185673591e+02,-2.968519476658590062e+00,-1.031757979304983053e+01,2.985633397804953848e+00
2.000000000000000000e+00,1.000000000000000000e+00,2.496057350657238771e+02,6.266661678215212916e+00,-1.000000000000000000e+01,2.498774967579753650e+02,3.298151723951000758e+00,-1.019678849368141016e+01,2.987412170623013452e+00
2.000000000000000000e+00,2.000000000000000000e+00,2.484291580564315609e+02,1.243449435824273941e+01,-1.000000000000000000e+01,2.490002901835373734e+02,9.509354217463750203e+00,-1.007803318957154204e+01,2.981396640583678259e+00
2.000000000000000000e+00,3.000000000000000000e+00,2.464888242944125523e+02,1.840622763423390040e+01,-1.000000000000000000e+01,2.473492643388703982e+02,1.556726997230343734e+01,-9.963696114873229703e+00,2.966707880532830632e+00
2.000000000000000000e+00,4.000000000000000000e+00,2.438153340021931967e+02,2.408768370508576595e+01,-1.000000000000000000e+01,2.449678038241545437e+02,2.132984641553537841e+01,-9.854540534729650858e+00,2.992492550066412793e+00
2.000000000000000000e+00,5.000000000000000000e+00,2.404508497187473779e+02,2.938926261462365730e+01,-1.000000000000000000e+01,2.418674590385039096e+02,2.678908141439429258e+01,-9.752787459460918740e+00,2.971336110076924442e+00
2.000000000000000000e+00,6.000000000000000000e+00,2.364484313710705692e+02,3.422735529643443897e+01,-1.000000000000000000e+01,2.381286350036079114e+02,3.179046278185510843e+01,-9.659517257486399444e+00,2.979506313528138328e+00
2.000000000000000000e+00,7.000000000000000000e+00,2.318711994874344668e+02,3.852566213878946400e+01,-1.000000000000000000e+01,2.337997465546476406e+02,3.628497022886826784e+01,-9.574689113379164951e+00,2.986784789019964137e+00
2.000000000000000000e+00,8.000000000000000000e+00,2.267913397489498379e+02,4.221639627510075599e+01,-1.000000000000000000e+01,2.289459110515266786e+02,4.021095260164566554e+01,-9.500531410386415132e+00,2.985540268912696416e+00
2.000000000000000000e+00,9.000000000000000000e+00,2.212889645782536263e+02,4.524135262330097618e+01,-1.000000000000000000e+01,2.236420691869397785e+02,4.351031135807891559e+01,-9.438819927420851741e+00,2.974647581677792640e+00
2.000000000000000000e+00,1.000000000000000000e+01,2.154508497187473779e+02,4.755282581475767500e+01,-1.000000000000000000e+01,2.179692928928520246e+02,4.613331251260164834e+01,-9.390637559218916408e+00,2.954470615935598676e+00
2.000000000000000000e+00,1.100000000000000000e+01,2.093690657292862340e+02,4.911436253643443450e+01,-1.000000000000000000e+01,2.120630182813821420e+02,4.802251292996955812e+01,-9.352973125445359415e+00,2.977945548944357146e+00
2.000000000000000000e+00,1.200000000000000000e+01,2.031395259764656771e+02,4.990133642141357484e+01,-1.000000000000000000e+01,2.059364291143241985e+02,4.918784469014421745e+01,-9.329301651485465641e+00,2.963372046816381999e+00
2.000000000000000000e+00,1.300000000000000000e+01,1.968604740235343229e+02,4.990133642141357484e+01,-1.000000000000000000e+01,1.997615120989193542e+02,4.959536207800964291e+01,-9.319676354548604991e+00,2.995410235045515179e+00
2.000000000000000000e+00,1.400000000000000000e+01,1.906309342707137660e+02,4.911436253643442740e+01,-1.000000000000000000e+01,1.935507883667739293e+02,4.925245045240064456e+01,-9.325319976187572024e+00,2.999968224722846522e+00
2.000000000000000000e+00,1.500000000000000000e+01,1.845491502812526221e+02,4.755282581475767500e+01,-1.000000000000000000e+01,1.873786235645627585e+02,4.814973319689068632e+01,-9.354144430881589756e+00,2.962996270664543630e+00
2.000000000000000000e+00,1.600000000000000000e+01,1.787110354217463737e+02,4.524135262330097618e+01,-1.000000000000000000e+01,1.814399467149341945e+02,4.631378804201217747e+01,-9.400430361495565990e+00,2.992750962711503870e+00
2.000000000000000000e+00,1.700000000000000000e+01,1.732086602510501621e+02,4.221639627510074888e+01,-1.000000000000000000e+01,1.757011731124509879e+02,4.372315630084681004e+01,-9.465588523611913274e+00,2.961172363360514925e+00
2.000000000000000000e+00,1.800000000000000000e+01,1.681288005125655047e+02,3.852566213878946400e+01,-1.000000000000000000e+01,1.703353385127001616e+02,4.042866036202278934e+01,-9.551112579859804441e+00,2.948170975304445385e+00
2.000000000000000000e+00,1.900000000000000000e+01,1.635515686289294308e+02,3.422735529643442476e+01,-1.000000000000000000e+01,1.654469177826807140e+02,3.648571140167921101e+01,-9.647884448428143855e+00,2.969260189741016465e+00
2.000000000000000000e+00,2.000000000000000000e+01,1.595491502812526505e+02,2.938926261462366085e+01,-1.000000000000000000e+01,1.610902465930014955e+02,3.191773618030996218e+01,-9.753884660823914032e+00,2.971317750533936319e+00
2.000000000000000000e+00,2.100000000000000000e+01,1.561846659978068033e+02,2.408768370508575885e+01,-1.000000000000000000e+01,1.573754262461695248e+02,2.682159915558223773e+01,-9.864578818946640126e+00,2.985053191456075616e+00
2.000000000000000000e+00,2.200000000000000000e+01,1.535111757055874193e+02,1.840622763423388619e+01,-1.000000000000000000e+01,1.543516454933935336e+02,2.124042435608453872e+01,-9.976801278763147707e+00,2.956281228677485551e+00
2.000000000000000000e+00,2.300000000000000000e+01,1.515708419435684391e+02,1.243449435824274119e+01,-1.000000000000000000e+01,1.521081060264091036e+02,1.534574555292620346e+01,-1.008356924888725814e+01,2.961590794255021475e+00
2.000000000000000000e+00,2.400000000000000000e+01,1.503942649342761229e+02,6.266661678215204923e+00,-1.000000000000000000e+01,1.506621465290524213e+02,9.207926784379736773e+00,-1.018293409173911357e+01,2.959098824892700819e+00
2.000000000000000000e+00,2.500000000000000000e+01,1.500000000000000000e+02,-1.608122649676636709e-14,-1.000000000000000000e+01,1.500337314774426432e+02,2.964986268838588401e+00,-1.027478844187264428e+01,2.977883489117518767e+00
2.000000000000000000e+00,2.600000000000000000e+01,1.503942649342761229e+02,-6.266661678215214693e+00,-1.000000000000000000e+01,1.502155656023815027e+02,-3.323230787368445238e+00,-1.036158658637246788e+01,2.970936505523988025e+00
2.000000000000000000e+00,2.700000000000000000e+01,1.515708419435684391e+02,-1.243449435824275007e+01,-1.000000000000000000e+01,1.511929816709922818e+02,-9.521482763238777736e+00,-1.044484257324977250e+01,2.970908927112104081e+00
2.000000000000000000e+00,2.800000000000000000e+01,1.535111757055874477e+02,-1.840622763423391461e+01,-1.000000000000000000e+01,1.529315566360324397e+02,-1.552564149501587920e+01,-1.052722319635880410e+01,2.985246902690910531e+00
2.000000000000000000e+00,2.900000000000000000e+01,1.561846659978068033e+02,-2.408768370508576950e+01,-1.000000000000000000e+01,1.553949308772309905e+02,-2.128650104060172410e+01,-1.061061093226014407e+01,2.973743699627193759e+00
2.000000000000000000e+00,3.000000000000000000e+01,1.595491502812526505e+02,-2.938926261462366796e+01,-1.000000000000000000e+01,1.585223342975940568e+02,-2.668108353450414683e+01,-1.069666111243274997e+01,2.978912838582192801e+00
2.000000000000000000e+00,3.100000000000000000e+01,1.635515686289294308e+02,-3.422735529643443897e+01,-1.000000000000000000e+01,1.622670049983434524e+02,-3.166177571320267958e+01,-1.078578635044173950e+01,2.974855039738983464e+00
2.000000000000000000e+00,3.200000000000000000e+01,1.681288005125655332e+02,-3.852566213878947110e+01,-1.000000000000000000e+01,1.665688633731441257e+02,-3.616027208357227352e+01,-1.087652085507430400e+01,2.965933714978615132e+00
2.000000000000000000e+00,3.300000000000000000e+01,1.732086602510501905e+02,-4.221639627510076309e+01,-1.000000000000000000e+01,1.713610144172550918e+02,-4.010947542647687669e+01,-1.096713275318880676e+01,2.964499342519229419e+00
2.000000000000000000e+00,3.400000000000000000e+01,1.787110354217464021e+02,-4.524135262330099039e+01,-1.000000000000000000e+01,1.765702749939914042e+02,-4.344992022004777965e+01,-1.105563996200781673e+01,2.984369446609316689e+00
2.000000000000000000e+00,3.500000000000000000e+01,1.845491502812526221e+02,-4.755282581475767500e+01,-1.000000000000000000e+01,1.821625521445492382e+02,-4.615519342940761049e+01,-1.113671091811328040e+01,2.990207126948451144e+00
2.000000000000000000e+00,3.600000000000000000e+01,1.906309342707137660e+02,-4.911436253643443450e+01,-1.000000000000000000e+01,1.880773723885189384e+02,-4.817260439473796652e+01,-1.120181639248259842e+01,2.975222567286330388e+00
2.000000000000000000e+00,3.700000000000000000e+01,1.968604740235343513e+02,-4.990133642141357484e+01,-1.000000000000000000e+01,1.941909157562759560e+02,-4.943717625272417848e+01,-1.124757383465531291e+01,2.983023043391045626e+00
2.000000000000000000e+00,3.800000000000000000e+01,2.031395259764656771e+02,-4.990133642141357484e+01,-1.000000000000000000e+01,2.004530371600107514e+02,-4.992022216876658547e+01,-1.127096510937631990e+01,2.972024754547382575e+00
2.000000000000000000e+00,3.900000000000000000e+01,2.093690657292862625e+02,-4.911436253643442740e+01,-1.000000000000000000e+01,2.067268493019771540e+02,-4.959530006601431751e+01,-1.127005851225690947e+01,2.970800764214381218e+00
2.000000000000000000e+00,4.000000000000000000e+01,2.154508497187473495e+02,-4.755282581475768211e+01,-1.000000000000000000e+01,2.129040836345387788e+02,-4.846434823316263873e+01,-1.124840678103514335e+01,2.979162650454722616e+00
2.000000000000000000e+00,4.100000000000000000e+01,2.212889645782536263e+02,-4.524135262330097618e+01,-1.000000000000000000e+01,2.188827547280781403e+02,-4.654604370813373038e+01,-1.120823519239341692e+01,2.991972083770428892e+00
2.000000000000000000e+00,4.200000000000000000e+01,2.267913397489498379e+02,-4.221639627510074888e+01,-1.000000000000000000e+01,2.246063427888390720e+02,-4.384602203335135329e+01,-1.114595339708067456e+01,2.956873520448225712e+00
2.000000000000000000e+00,4.300000000000000000e+01,2.318711994874344953e+02,-3.852566213878944978e+01,-1.000000000000000000e+01,2.298699389209411379e+02,-4.048151712237984157e+01,-1.107346453066411129e+01,2.997121730999694922e+00
2.000000000000000000e+00,4.400000000000000000e+01,2.364484313710705976e+02,-3.422735529643441055e+01,-1.000000000000000000e+01,2.347173856278488131e+02,-3.641392362209167288e+01,-1.098575716126275381e+01,2.957924540767506993e+00
2.000000000000000000e+00,4.500000000000000000e+01,2.404508497187474063e+02,-2.938926261462362888e+01,-1.000000000000000000e+01,2.389597831391136538e+02,-3.181724906240566852e+01,-1.088975427296911391e+01,2.984972428981671921e+00
2.000000000000000000e+00,4.600000000000000000e+01,2.438153340021931967e+02,-2.408768370508576595e+01,-1.000000000000000000e+01,2.426033196625082837e+02,-2.668908824372719479e+01,-1.078549839027975565e+01,2.975448210673169669e+00
2.000000000000000000e+00,4.700000000000000000e+01,2.464888242944125807e+02,-1.840622763423389330e+01,-1.000000000000000000e+01,2.455525898462892656e+02,-2.117278931864396085e+01,-1.067538412685983928e+01,2.997756196609868695e+00
2.000000000000000000e+00,4.800000000000000000e+01,2.484291580564315609e+02,-1.243449435824272520e+01,-1.000000000000000000e+01,2.477957293580776934e+02,-1.528480991006575529e+01,-1.055829334923394924e+01,2.972746562467335707e+00
2.000000000000000000e+00,4.900000000000000000e+01,2.496057350657238771e+02,-6.266661678215188935e+00,-1.000000000000000000e+01,2.492706209875021557e+02,-9.193287347184462277e+00,-1.043833641891517061e+01,2.978183686047524148e+00
3.000000000000000000e+00,0.000000000000000000e+00,2.500000000000000000e+02,0.000000000000000000e+00,-1.000000000000000000e+01,2.499677203186993495e+02,-2.968519478439732850e+00,-1.031757979290613036e+01,2.985633399559174617e+00
3.000000000000000000e+00,1.000000000000000000e+00,2.496057350657238771e+02,6.266661678215212916e+00,-1.000000000000000000e+01,2.498774967580611417e+02,3.298151722173291223e+00,-1.019678849362684048e+01,2.987412172393683285e+00
3.000000000000000000e+00,2.000000000000000000e+00,2.484291580564315609e+02,1.243449435824273941e+01,-1.000000000000000000e+01,2.490002901835674436e+02,9.509354218138163617e+00,-1.007803318952134930e+01,2.981396639926437331e+00
3.000000000000000000e+00,3.000000000000000000e+00,2.464888242944125523e+02,1.840622763423390040e+01,-1.000000000000000000e+01,2.473492643387841952e+02,1.556726997456510553e+01,-9.963696114823378025e+00,2.966707878344160942e+00
3.000000000000000000e+00,4.000000000000000000e+00,2.438153340021931967e+02,2.408768370508576595e+01,-1.000000000000000000e+01,2.449678038240156468e+02,2.132984641778204704e+01,-9.854540534680367614e+00,2.992492547944819670e+00
3.000000000000000000e+00,5.000000000000000000e+00,2.404508497187473779e+02,2.938926261462365730e+01,-1.000000000000000000e+01,2.418674590383154168e+02,2.678908141661392150e+01,-9.752787459412203930e+00,2.971336108048741043e+00
3.000000000000000000e+00,6.000000000000000000e+00,2.364484313710705692e+02,3.422735529643443897e+01,-1.000000000000000000e+01,2.381286350033739154e+02,3.179046278404189252e+01,-9.659517257438366755e+00,2.979506311613134617e+00
3.000000000000000000e+00,7.000000000000000000e+00,2.318711994874344668e+02,3.852566213878946400e+01,-1.000000000000000000e+01,2.337997465548080527e+02,3.628497022821424878e+01,-9.574689113332098600e+00,2.986784789620889669e+00
3.000000000000000000e+00,8.000000000000000000e+00,2.267913397489498379e+02,4.221639627510075599e+01,-1.000000000000000000e+01,2.289459110518699845e+02,4.021095260003097849e+01,-9.500531410340315119e+00,2.985540270252777351e+00
3.000000000000000000e+00,9.000000000000000000e+00,2.212889645782536263e+02,4.524135262330097618e+01,-1.000000000000000000e+01,2.236420691873080955e+02,4.351031135649853354e+01,-9.438819927376059127e+00,2.974647582897275377e+00
3.000000000000000000e+00,1.000000000000000000e+01,2.154508497187473779e+02,4.755282581475767500e+01,-1.000000000000000000e+01,2.179692928932397535e+02,4.613331251106271935e+01,-9.390637559175601723e+00,2.954470617014437472e+00
3.000000000000000000e+00,1.100000000000000000e+01,2.093690657292862340e+02,4.911436253643443450e+01,-1.000000000000000000e+01,2.120630182810098177e+02,4.802251293189229386e+01,-9.352973125403352128e+00,2.977945547911704516e+00
3.000000000000000000e+00,1.200000000000000000e+01,2.031395259764656771e+02,4.990133642141357484e+01,-1.000000000000000000e+01,2.059364291145016352e+02,4.918784468966957490e+01,-9.329301651444822596e+00,2.963372047107329266e+00
3.000000000000000000e+00,1.300000000000000000e+01,1.968604740235343229e+02,4.990133642141357484e+01,-1.000000000000000000e+01,1.997615120989310071e+02,4.959536207822232967e+01,-9.319676354509496718e+00,2.995410235043958203e+00
3.000000000000000000e+00,1.400000000000000000e+01,1.906309342707137660e+02,4.911436253643442740e+01,-1.000000000000000000e+01,1.935507883667859232e+02,4.925245045261316079e+01,-9.325319976149998524e+00,2.999968224752751933e+00
3.000000000000000000e+00,1.500000000000000000e+01,1.845491502812526221e+02,4.755282581475767500e+01,-1.000000000000000000e+01,1.873786235645754914e+02,4.814973319709703503e+01,-9.354144430845551028e+00,2.962996270726128145e+00
3.000000000000000000e+00,1.600000000000000000e+01,1.787110354217463737e+02,4.524135262330097618e+01,-1.000000000000000000e+01,1.814399467149504517e+02,4.631378804221281342e+01,-9.400430361461346251e+00,2.992750962805080128e+00
3.000000000000000000e+00,1.700000000000000000e+01,1.732086602510501621e+02,4.221639627510074888e+01,-1.000000000000000000e+01,1.757011731124702010e+02,4.372315630104127848e+01,-9.465588523579171465e+00,2.961172363481549219e+00
3.000000000000000000e+00,1.800000000000000000e+01,1.681288005125655047e+02,3.852566213878946400e+01,-1.000000000000000000e+01,1.703353385127246042e+02,4.042866036221151660e+01,-9.551112579828540561e+00,2.948170975449320164e+00
3.000000000000000000e+00,1.900000000000000000e+01,1.635515686289294308e+02,3.422735529643442476e+01,-1.000000000000000000e+01,1.654469177827096473e+02,3.648571140186200523e+01,-9.647884448398471591e+00,2.969260189902033442e+00
3.000000000000000000e+00,2.000000000000000000e+01,1.595491502812526505e+02,2.938926261462366085e+01,-1.000000000000000000e+01,1.610902465930358289e+02,3.191773618048697614e+01,-9.753884660795435479e+00,2.971317750704734362e+00
3.000000000000000000e+00,2.100000000000000000e+01,1.561846659978068033e+02,2.408768370508575885e+01,-1.000000000000000000e+01,1.573754262462095710e+02,2.682159915575371301e+01,-9.864578818919412129e+00,2.985053191630334446e+00
3.000000000000000000e+00,2.200000000000000000e+01,1.535111757055874193e+02,1.840622763423388619e+01,-1.000000000000000000e+01,1.543516454934400883e+02,2.124042435625081637e+01,-9.976801278736715517e+00,2.956281228850339726e+00
3.000000000000000000e+00,2.300000000000000000e+01,1.515708419435684391e+02,1.243449435824274119e+01,-1.000000000000000000e+01,1.521081060254239787e+02,1.534574555298357268e+01,-1.008356924924360953e+01,2.961590794142758387e+00
3.000000000000000000e+00,2.400000000000000000e+01,1.503942649342761229e+02,6.266661678215204923e+00,-1.000000000000000000e+01,1.506621465291112827e+02,9.207926784537066922e+00,-1.018293409171410246e+01,2.959098825052865145e+00
3.000000000000000000e+00,2.500000000000000000e+01,1.500000000000000000e+02,-1.608122649676636709e-14,-1.000000000000000000e+01,1.500337314776014637e+02,2.964986264318783427e+00,-1.027478844184803108e+01,2.977883484616816734e+00
3.000000000000000000e+00,2.600000000000000000e+01,1.503942649342761229e+02,-6.266661678215214693e+00,-1.000000000000000000e+01,1.502155656023069241e+02,-3.323230792103272879e+00,-1.036158658636195184e+01,2.970936500836202310e+00
3.000000000000000000e+00,2.700000000000000000e+01,1.515708419435684391e+02,-1.243449435824275007e+01,-1.000000000000000000e+01,1.511929816707205987e+02,-9.521482768006350739e+00,-1.044484257323931331e+01,2.970908922470430369e+00
3.000000000000000000e+00,2.800000000000000000e+01,1.535111757055874477e+02,-1.840622763423391461e+01,-1.000000000000000000e+01,1.529315566355710416e+02,-1.552564149983931330e+01,-1.052722319634828807e+01,2.985246898124310988e+00
3.000000000000000000e+00,2.900000000000000000e+01,1.561846659978068033e+02,-2.408768370508576950e+01,-1.000000000000000000e+01,1.553949308772156996e+02,-2.128650104091882866e+01,-1.061061093224940066e+01,2.973743699330345436e+00
3.000000000000000000e+00,3.000000000000000000e+01,1.595491502812526505e+02,-2.938926261462366796e+01,-1.000000000000000000e+01,1.585223342976486265e+02,-2.668108353434991642e+01,-1.069666111242166551e+01,2.978912838701004429e+00
3.000000000000000000e+00,3.100000000000000000e+01,1.635515686289294308e+02,-3.422735529643443897e+01,-1.000000000000000000e+01,1.622670049984027401e+02,-3.166177571304299576e+01,-1.078578635043002976e+01,2.974855039848003813e+00
3.000000000000000000e+00,3.200000000000000000e+01,1.681288005125655332e+02,-3.852566213878947110e+01,-1.000000000000000000e+01,1.665688633732094104e+02,-3.616027208340909738e+01,-1.087652085506213950e+01,2.965933715070820043e+00
3.000000000000000000e+00,3.300000000000000000e+01,1.732086602510501905e+02,-4.221639627510076309e+01,-1.000000000000000000e+01,1.713610144173228491e+02,-4.010947542630901097e+01,-1.096713275317618752e+01,2.964499342592187947e+00
3.000000000000000000e+00,3.400000000000000000e+01,1.787110354217464021e+02,-4.524135262330099039e+01,-1.000000000000000000e+01,1.765702749940615774e+02,-4.344992021987466302e+01,-1.105563996199445853e+01,2.984369446658171832e+00
3.000000000000000000e+00,3.500000000000000000e+01,1.845491502812526221e+02,-4.755282581475767500e+01,-1.000000000000000000e+01,1.821625521446237030e+02,-4.615519342922942769e+01,-1.113671091809952429e+01,2.990207126967072249e+00
3.000000000000000000e+00,3.600000000000000000e+01,1.906309342707137660e+02,-4.911436253643443450e+01,-1.000000000000000000e+01,1.880773723885254185e+02,-4.817260439482013368e+01,-1.120181639246781913e+01,2.975222567248790195e+00
3.000000000000000000e+00,3.700000000000000000e+01,1.968604740235343513e+02,-4.990133642141357484e+01,-1.000000000000000000e+01,1.941909157562512860e+02,-4.943717625292715212e+01,-1.124757383463979465e+01,2.983023043375050420e+00
3.000000000000000000e+00,3.800000000000000000e+01,2.031395259764656771e+02,-4.990133642141357484e+01,-1.000000000000000000e+01,2.004530371599856835e+02,-4.992022216897677112e+01,-1.127096510936046059e+01,2.972024754564595472e+00
3.000000000000000000e+00,3.900000000000000000e+01,2.093690657292862625e+02,-4.911436253643442740e+01,-1.000000000000000000e+01,2.067268493019521429e+02,-4.959530006623063514e+01,-1.127005851224002697e+01,2.970800764264427851e+00
3.000000000000000000e+00,4.000000000000000000e+01,2.154508497187473495e+02,-4.755282581475768211e+01,-1.000000000000000000e+01,2.129040836345146772e+02,-4.846434823338487519e+01,-1.124840678101803348e+01,2.979162650536152590e+00
3.000000000000000000e+00,4.100000000000000000e+01,2.212889645782536263e+02,-4.524135262330097618e+01,-1.000000000000000000e+01,2.188827547280552608e+02,-4.654604370836152327e+01,-1.120823519237545440e+01,2.991972083880907185e+00
3.000000000000000000e+00,4.200000000000000000e+01,2.267913397489498379e+02,-4.221639627510074888e+01,-1.000000000000000000e+01,2.246063427888188073e+02,-4.384602203358455341e+01,-1.114595339706237098e+01,2.956873520584630377e+00
3.000000000000000000e+00,4.300000000000000000e+01,2.318711994874344953e+02,-3.852566213878944978e+01,-1.000000000000000000e+01,2.298699389209619994e+02,-4.048151712240255051e+01,-1.107346453064512559e+01,2.997121730993784094e+00
3.000000000000000000e+00,4.400000000000000000e+01,2.364484313710705976e+02,-3.422735529643441055e+01,-1.000000000000000000e+01,2.347173856271696479e+02,-3.641392362662687532e+01,-1.098575716124325652e+01,2.957924544511001841e+00
3.000000000000000000e+00,4.500000000000000000e+01,2.404508497187474063e+02,-2.938926261462362888e+01,-1.000000000000000000e+01,2.389597831388445002e+02,-3.181724906460537383e+01,-1.088975427294916187e+01,2.984972430899420992e+00
3.000000000000000000e+00,4.600000000000000000e+01,2.438153340021931967e+02,-2.408768370508576595e+01,-1.000000000000000000e+01,2.426033196622877881e+02,-2.668908824594999629e+01,-1.078549839025951940e+01,2.975448212701016892e+00
3.000000000000000000e+00,4.700000000000000000e+01,2.464888242944125807e+02,-1.840622763423389330e+01,-1.000000000000000000e+01,2.455525898461185363e+02,-2.117278932089307730e+01,-1.067538412683937565e+01,2.997756198734238264e+00
3.000000000000000000e+00,4.800000000000000000e+01,2.484291580564315609e+02,-1.243449435824272520e+01,-1.000000000000000000e+01,2.477957293581718261e+02,-1.528480990891572588e+01,-1.055829334921348561e+01,2.972746561340768423e+00
3.000000000000000000e+00,4.900000000000000000e+01,2.496057350657238771e+02,-6.266661678215188935e+00,-1.000000000000000000e+01,2.492706209875906040e+02,-9.193287345413114764e+00,-1.043833641889419539e+01,2.978183684293802092e+00
4.000000000000000000e+00,0.000000000000000000e+00,2.500000000000000000e+02,0.000000000000000000e+00,-1.000000000000000000e+01,2.499677203185459007e+02,-2.968519476658360468e+00,-1.031757979306892992e+01,2.985633397806989109e+00
4.000000000000000000e+00,1.000000000000000000e+00,2.496057350657238771e+02,6.266661678215212916e+00,-1.000000000000000000e+01,2.498774967579662132e+02,3.298151723950852432e+00,-1.019678849368902718e+01,2.987412170622830487e+00
4.000000000000000000e+00,2.000000000000000000e+00,2.484291580564315609e+02,1.243449435824273941e+01,-1.000000000000000000e+01,2.490002901835295006e+02,9.509354217463418024e+00,-1.007803318957796535e+01,2.981396640582664403e+00
4.000000000000000000e+00,3.000000000000000000e+00,2.464888242944125523e+02,1.840622763423390040e+01,-1.000000000000000000e+01,2.473492643388628096e+02,1.556726997230296128e+01,-9.963696114879653010e+00,2.966707880531006314e+00
4.000000000000000000e+00,4.000000000000000000e+00,2.438153340021931967e+02,2.408768370508576595e+01,-1.000000000000000000e+01,2.449678038241467561e+02,2.132984641553472116e+01,-9.854540534736017321e+00,2.992492550063710066e+00
4.000000000000000000e+00,5.000000000000000000e+00,2.404508497187473779e+02,2.938926261462365730e+01,-1.000000000000000000e+01,2.418674590384961220e+02,2.678908141439341151e+01,-9.752787459467057829e+00,2.971336110073472092e+00
4.000000000000000000e+00,6.000000000000000000e+00,2.364484313710705692e+02,3.422735529643443897e+01,-1.000000000000000000e+01,2.381286350035999817e+02,3.179046278185404617e+01,-9.659517257492538533e+00,2.979506313523833771e+00
4.000000000000000000e+00,7.000000000000000000e+00,2.318711994874344668e+02,3.852566213878946400e+01,-1.000000000000000000e+01,2.337997465546397962e+02,3.628497022886701728e+01,-9.574689113385190353e+00,2.986784789014979236e+00
4.000000000000000000e+00,8.000000000000000000e+00,2.267913397489498379e+02,4.221639627510075599e+01,-1.000000000000000000e+01,2.289459110515182658e+02,4.021095260164422314e+01,-9.500531410392099474e+00,2.985540268906643036e+00
4.000000000000000000e+00,9.000000000000000000e+00,2.212889645782536263e+02,4.524135262330097618e+01,-1.000000000000000000e+01,2.236420691869317352e+02,4.351031135807735950e+01,-9.438819927426479239e+00,2.974647581671273855e+00
4.000000000000000000e+00,1.000000000000000000e+01,2.154508497187473779e+02,4.755282581475767500e+01,-1.000000000000000000e+01,2.179692928928440381e+02,4.613331251259991461e+01,-9.390637559224373376e+00,2.954470615928498134e+00
4.000000000000000000e+00,1.100000000000000000e+01,2.093690657292862340e+02,4.911436253643443450e+01,-1.000000000000000000e+01,2.120630182813741840e+02,4.802251292996773913e+01,-9.352973125450759539e+00,2.977945548936651310e+00
4.000000000000000000e+00,1.200000000000000000e+01,2.031395259764656771e+02,4.990133642141357484e+01,-1.000000000000000000e+01,2.059364291143155583e+02,4.918784469014219951e+01,-9.329301651490695235e+00,2.963372046807529081e+00
4.000000000000000000e+00,1.300000000000000000e+01,1.968604740235343229e+02,4.990133642141357484e+01,-1.000000000000000000e+01,1.997615120989099751e+02,4.959536207800730523e+01,-9.319676354553550368e+00,2.995410235035547597e+00
4.000000000000000000e+00,1.400000000000000000e+01,1.906309342707137660e+02,4.911436253643442740e+01,-1.000000000000000000e+01,1.935507883667654312e+02,4.925245045239849873e+01,-9.325319976192005811e+00,2.999968224713479348e+00
4.000000000000000000e+00,1.500000000000000000e+01,1.845491502812526221e+02,4.755282581475767500e+01,-1.000000000000000000e+01,1.873786235645537204e+02,4.814973319688836995e+01,-9.354144430886023542e+00,2.962996270654479680e+00
4.000000000000000000e+00,1.600000000000000000e+01,1.787110354217463737e+02,4.524135262330097618e+01,-1.000000000000000000e+01,1.814399467149254974e+02,4.631378804200996768e+01,-9.400430361500283993e+00,2.992750962701836492e+00
4.000000000000000000e+00,1.700000000000000000e+01,1.732086602510501621e+02,4.221639627510074888e+01,-1.000000000000000000e+01,1.757011731124416940e+02,4.372315630084447946e+01,-9.465588523616119687e+00,2.961172363350746739e+00
4.000000000000000000e+00,1.800000000000000000e+01,1.681288005125655047e+02,3.852566213878946400e+01,-1.000000000000000000e+01,1.703353385126906687e+02,4.042866036202052982e+01,-9.551112579863612950e+00,2.948170975295302032e+00
4.000000000000000000e+00,1.900000000000000000e+01,1.635515686289294308e+02,3.422735529643442476e+01,-1.000000000000000000e+01,1.654469177826720738e+02,3.648571140167728544e+01,-9.647884448432009208e+00,2.969260189733578414e+00
4.000000000000000000e+00,2.000000000000000000e+01,1.595491502812526505e+02,2.938926261462366085e+01,-1.000000000000000000e+01,1.610902465929925427e+02,3.191773618030822135e+01,-9.753884660827722541e+00,2.971317750527496138e+00
4.000000000000000000e+00,2.100000000000000000e+01,1.561846659978068033e+02,2.408768370508575885e+01,-1.000000000000000000e+01,1.573754262461601172e+02,2.682159915558063545e+01,-9.864578818950221262e+00,2.985053191450692811e+00
4.000000000000000000e+00,2.200000000000000000e+01,1.535111757055874193e+02,1.840622763423388619e+01,-1.000000000000000000e+01,1.543516454933844386e+02,2.124042435608330592e+01,-9.976801278766387782e+00,2.956281228673692585e+00
4.000000000000000000e+00,2.300000000000000000e+01,1.515708419435684391e+02,1.243449435824274119e+01,-1.000000000000000000e+01,1.521081060263997813e+02,1.534574555292526732e+01,-1.008356924889049822e+01,2.961590794252501269e+00
4.000000000000000000e+00,2.400000000000000000e+01,1.503942649342761229e+02,6.266661678215204923e+00,-1.000000000000000000e+01,1.506621465290427295e+02,9.207926784379129259e+00,-1.018293409174229680e+01,2.959098824891416069e+00
4.000000000000000000e+00,2.500000000000000000e+01,1.500000000000000000e+02,-1.608122649676636709e-14,-1.000000000000000000e+01,1.500337314774327524e+02,2.964986268838370354e+00,-1.027478844187577067e+01,2.977883489117477911e+00
4.000000000000000000e+00,2.600000000000000000e+01,1.503942649342761229e+02,-6.266661678215214693e+00,-1.000000000000000000e+01,1.502155656023748520e+02,-3.323230787368272043e+00,-1.036158658637445740e+01,2.970936505524801596e+00
4.000000000000000000e+00,2.700000000000000000e+01,1.515708419435684391e+02,-1.243449435824275007e+01,-1.000000000000000000e+01,1.511929816709868533e+02,-9.521482763238417135e+00,-1.044484257325136412e+01,2.970908927113386611e+00
4.000000000000000000e+00,2.800000000000000000e+01,1.535111757055874477e+02,-1.840622763423391461e+01,-1.000000000000000000e+01,1.529315566360267269e+02,-1.552564149501531965e+01,-1.052722319636050941e+01,2.985246902692860971e+00
4.000000000000000000e+00,2.900000000000000000e+01,1.561846659978068033e+02,-2.408768370508576950e+01,-1.000000000000000000e+01,1.553949308772253062e+02,-2.128650104060093895e+01,-1.061061093226184937e+01,2.973743699629793458e+00
4.000000000000000000e+00,3.000000000000000000e+01,1.595491502812526505e+02,-2.938926261462366796e+01,-1.000000000000000000e+01,1.585223342975889409e+02,-2.668108353450330839e+01,-1.069666111243473949e+01,2.978912838585183742e+00
4.000000000000000000e+00,3.100000000000000000e+01,1.635515686289294308e+02,-3.422735529643443897e+01,-1.000000000000000000e+01,1.622670049983378817e+02,-3.166177571320159245e+01,-1.078578635044367218e+01,2.974855039742836382e+00
4.000000000000000000e+00,3.200000000000000000e+01,1.681288005125655332e+02,-3.852566213878947110e+01,-1.000000000000000000e+01,1.665688633731398056e+02,-3.616027208357134270e+01,-1.087652085507646404e+01,2.965933714982268210e+00
4.000000000000000000e+00,3.300000000000000000e+01,1.732086602510501905e+02,-4.221639627510076309e+01,-1.000000000000000000e+01,1.713610144172502032e+02,-4.010947542647577535e+01,-1.096713275319096681e+01,2.964499342523764014e+00
4.000000000000000000e+00,3.400000000000000000e+01,1.787110354217464021e+02,-4.524135262330099039e+01,-1.000000000000000000e+01,1.765702749939864589e+02,-4.344992022004657173e+01,-1.105563996201014731e+01,2.984369446614413945e+00
4.000000000000000000e+00,3.500000000000000000e+01,1.845491502812526221e+02,-4.755282581475767500e+01,-1.000000000000000000e+01,1.821625521445446054e+02,-4.615519342940645231e+01,-1.113671091811566782e+01,2.990207126953597694e+00
4.000000000000000000e+00,3.600000000000000000e+01,1.906309342707137660e+02,-4.911436253643443450e+01,-1.000000000000000000e+01,1.880773723885141067e+02,-4.817260439473673728e+01,-1.120181639248487215e+01,2.975222567291784692e+00
4.000000000000000000e+00,3.700000000000000000e+01,1.968604740235343513e+02,-4.990133642141357484e+01,-1.000000000000000000e+01,1.941909157562703285e+02,-4.943717625272277161e+01,-1.124757383465775717e+01,2.983023043397323271e+00
4.000000000000000000e+00,3.800000000000000000e+01,2.031395259764656771e+02,-4.990133642141357484e+01,-1.000000000000000000e+01,2.004530371600063177e+02,-4.992022216876546281e+01,-1.127096510937887786e+01,2.972024754552477166e+00
4.000000000000000000e+00,3.900000000000000000e+01,2.093690657292862625e+02,-4.911436253643442740e+01,-1.000000000000000000e+01,2.067268493019726634e+02,-4.959530006601323038e+01,-1.127005851225952426e+01,2.970800764219316825e+00
4.000000000000000000e+00,4.000000000000000000e+01,2.154508497187473495e+02,-4.755282581475768211e+01,-1.000000000000000000e+01,2.129040836345340608e+02,-4.846434823316160845e+01,-1.124840678103815605e+01,2.979162650459702633e+00
4.000000000000000000e+00,4.100000000000000000e+01,2.212889645782536263e+02,-4.524135262330097618e+01,-1.000000000000000000e+01,2.188827547280735075e+02,-4.654604370813274272e+01,-1.120823519239625909e+01,2.991972083774871560e+00
4.000000000000000000e+00,4.200000000000000000e+01,2.267913397489498379e+02,-4.221639627510074888e+01,-1.000000000000000000e+01,2.246063427888344677e+02,-4.384602203335052195e+01,-1.114595339708391464e+01,2.956873520452425463e+00
4.000000000000000000e+00,4.300000000000000000e+01,2.318711994874344953e+02,-3.852566213878944978e+01,-1.000000000000000000e+01,2.298699389209365904e+02,-4.048151712237907418e+01,-1.107346453066718084e+01,2.997121731003329792e+00
4.000000000000000000e+00,4.400000000000000000e+01,2.364484313710705976e+02,-3.422735529643441055e+01,-1.000000000000000000e+01,2.347173856278441804e+02,-3.641392362209089129e+01,-1.098575716126605073e+01,2.957924540770739075e+00
4.000000000000000000e+00,4.500000000000000000e+01,2.404508497187474063e+02,-2.938926261462362888e+01,-1.000000000000000000e+01,2.389597831391092484e+02,-3.181724906240507877e+01,-1.088975427297235399e+01,2.984972428984358217e+00
4.000000000000000000e+00,4.600000000000000000e+01,2.438153340021931967e+02,-2.408768370508576595e+01,-1.000000000000000000e+01,2.426033196625040773e+02,-2.668908824372677557e+01,-1.078549839028310942e+01,2.975448210675402105e+00
4.000000000000000000e+00,4.700000000000000000e+01,2.464888242944125807e+02,-1.840622763423389330e+01,-1.000000000000000000e+01,2.455525898462844339e+02,-2.117278931864356295e+01,-1.067538412686319305e+01,2.997756196611766288e+00
4.000000000000000000e+00,4.800000000000000000e+01,2.484291580564315609e+02,-1.243449435824272520e+01,-1.000000000000000000e+01,2.477957293580731744e+02,-1.528480991006547463e+01,-1.055829334923741669e+01,2.972746562468680409e+00
4.000000000000000000e+00,4.900000000000000000e+01,2.496057350657238771e+02,-6.266661678215188935e+00,-1.000000000000000000e+01,2.492706209874976366e+02,-9.193287347184297076e+00,-1.043833641891858122e+01,2.978183686048371914e+00
5.000000000000000000e+00,0.000000000000000000e+00,2.500000000000000000e+02,0.000000000000000000e+00,-1.000000000000000000e+01,2.499677203186948304e+02,-2.968519478439656467e+00,-1.031757979290965466e+01,2.985633399559522783e+00
5.000000000000000000e+00,1.000000000000000000e+00,2.496057350657238771e+02,6.266661678215212916e+00,-1.000000000000000000e+01,2.498774967580589532e+02,3.298151722173197964e+00,-1.019678849362831841e+01,2.987412172393673959e+00
5.000000000000000000e+00,2.000000000000000000e+00,2.484291580564315609e+02,1.243449435824273941e+01,-1.000000000000000000e+01,2.490002901835656246e+02,9.509354218138048154e+00,-1.007803318952271354e+01,2.981396639926237935e+00
5.000000000000000000e+00,3.000000000000000000e+00,2.464888242944125523e+02,1.840622763423390040e+01,-1.000000000000000000e+01,2.473492643387822625e+02,1.556726997456499362e+01,-9.963696114824799110e+00,2.966707878343689764e+00
5.000000000000000000e+00,4.000000000000000000e+00,2.438153340021931967e+02,2.408768370508576595e+01,-1.000000000000000000e+01,2.449678038240132878e+02,2.132984641778183033e+01,-9.854540534681731856e+00,2.992492547944044290e+00
5.000000000000000000e+00,5.000000000000000000e+00,2.404508497187473779e+02,2.938926261462365730e+01,-1.000000000000000000e+01,2.418674590383133705e+02,2.678908141661369768e+01,-9.752787459413511328e+00,2.971336108047852420e+00
5.000000000000000000e+00,6.000000000000000000e+00,2.364484313710705692e+02,3.422735529643443897e+01,-1.000000000000000000e+01,2.381286350033720396e+02,3.179046278404160120e+01,-9.659517257439844684e+00,2.979506311612146074e+00
5.000000000000000000e+00,7.000000000000000000e+00,2.318711994874344668e+02,3.852566213878946400e+01,-1.000000000000000000e+01,2.337997465548060347e+02,3.628497022821390772e+01,-9.574689113333405999e+00,2.986784789619656877e+00
5.000000000000000000e+00,8.000000000000000000e+00,2.267913397489498379e+02,4.221639627510075599e+01,-1.000000000000000000e+01,2.289459110518673981e+02,4.021095260003048821e+01,-9.500531410341508831e+00,2.985540270251040518e+00
5.000000000000000000e+00,9.000000000000000000e+00,2.212889645782536263e+02,4.524135262330097618e+01,-1.000000000000000000e+01,2.236420691873057933e+02,4.351031135649807879e+01,-9.438819927377309682e+00,2.974647582895483033e+00
5.000000000000000000e+00,1.000000000000000000e+01,2.154508497187473779e+02,4.755282581475767500e+01,-1.000000000000000000e+01,2.179692928932375082e+02,4.613331251106223618e+01,-9.390637559176738591e+00,2.954470617012520783e+00
5.000000000000000000e+00,1.100000000000000000e+01,2.093690657292862340e+02,4.911436253643443450e+01,-1.000000000000000000e+01,2.120630182810078850e+02,4.802251293189189596e+01,-9.352973125404488997e+00,2.977945547909855328e+00
5.000000000000000000e+00,1.200000000000000000e+01,2.031395259764656771e+02,4.990133642141357484e+01,-1.000000000000000000e+01,2.059364291145000152e+02,4.918784468966912726e+01,-9.329301651445959465e+00,2.963372047105651053e+00
5.000000000000000000e+00,1.300000000000000000e+01,1.968604740235343229e+02,4.990133642141357484e+01,-1.000000000000000000e+01,1.997615120989285913e+02,4.959536207822168308e+01,-9.319676354510576743e+00,2.995410235041439329e+00
5.000000000000000000e+00,1.400000000000000000e+01,1.906309342707137660e+02,4.911436253643442740e+01,-1.000000000000000000e+01,1.935507883667838200e+02,4.925245045261261367e+01,-9.325319976150794332e+00,2.999968224750500845e+00
5.000000000000000000e+00,1.500000000000000000e+01,1.845491502812526221e+02,4.755282581475767500e+01,-1.000000000000000000e+01,1.873786235645730471e+02,4.814973319709642396e+01,-9.354144430846346836e+00,2.962996270723497361e+00
5.000000000000000000e+00,1.600000000000000000e+01,1.787110354217463737e+02,4.524135262330097618e+01,-1.000000000000000000e+01,1.814399467149478937e+02,4.631378804221213130e+01,-9.400430361462255746e+00,2.992750962802321002e+00
5.000000000000000000e+00,1.700000000000000000e+01,1.732086602510501621e+02,4.221639627510074888e+01,-1.000000000000000000e+01,1.757011731124675578e+02,4.372315630104063189e+01,-9.465588523579910429e+00,2.961172363478862035e+00
5.000000000000000000e+00,1.800000000000000000e+01,1.681288005125655047e+02,3.852566213878946400e+01,-1.000000000000000000e+01,1.703353385127223305e+02,4.042866036221099080e+01,-9.551112579829222682e+00,2.948170975447174769e+00
5.000000000000000000e+00,1.900000000000000000e+01,1.635515686289294308e+02,3.422735529643442476e+01,-1.000000000000000000e+01,1.654469177827069188e+02,3.648571140186133732e+01,-9.647884448399153712e+00,2.969260189899702862e+00
5.000000000000000000e+00,2.000000000000000000e+01,1.595491502812526505e+02,2.938926261462366085e+01,-1.000000000000000000e+01,1.610902465930336120e+02,3.191773618048654271e+01,-9.753884660796344974e+00,2.971317750703140526e+00
5.000000000000000000e+00,2.100000000000000000e+01,1.561846659978068033e+02,2.408768370508575885e+01,-1.000000000000000000e+01,1.573754262462069562e+02,2.682159915575326181e+01,-9.864578818920094250e+00,2.985053191628847191e+00
5.000000000000000000e+00,2.200000000000000000e+01,1.535111757055874193e+02,1.840622763423388619e+01,-1.000000000000000000e+01,1.543516454934378146e+02,2.124042435625051084e+01,-9.976801278737511325e+00,2.956281228849394260e+00
5.000000000000000000e+00,2.300000000000000000e+01,1.515708419435684391e+02,1.243449435824274119e+01,-1.000000000000000000e+01,1.521081060254214208e+02,1.534574555298333109e+01,-1.008356924924434850e+01,2.961590794142078042e+00
5.000000000000000000e+00,2.400000000000000000e+01,1.503942649342761229e+02,6.266661678215204923e+00,-1.000000000000000000e+01,1.506621465291086679e+02,9.207926784536919484e+00,-1.018293409171455721e+01,2.959098825052509874e+00
5.000000000000000000e+00,2.500000000000000000e+01,1.500000000000000000e+02,-1.608122649676636709e-14,-1.000000000000000000e+01,1.500337314775990194e+02,2.964986264318766551e+00,-1.027478844184865636e+01,2.977883484616830057e+00
5.000000000000000000e+00,2.600000000000000000e+01,1.503942649342761229e+02,-6.266661678215214693e+00,-1.000000000000000000e+01,1.502155656023042525e+02,-3.323230792103245346e+00,-1.036158658636246344e+01,2.970936500836452776e+00
5.000000000000000000e+00,2.700000000000000000e+01,1.515708419435684391e+02,-1.243449435824275007e+01,-1.000000000000000000e+01,1.511929816707181544e+02,-9.521482768006196196e+00,-1.044484257323993859e+01,2.970908922470986813e+00
5.000000000000000000e+00,2.800000000000000000e+01,1.535111757055874477e+02,-1.840622763423391461e+01,-1.000000000000000000e+01,1.529315566355687110e+02,-1.552564149983909303e+01,-1.052722319634897019e+01,2.985246898125097026e+00
5.000000000000000000e+00,2.900000000000000000e+01,1.561846659978068033e+02,-2.408768370508576950e+01,-1.000000000000000000e+01,1.553949308772134827e+02,-2.128650104091847339e+01,-1.061061093224991225e+01,2.973743699331373946e+00
5.000000000000000000e+00,3.000000000000000000e+01,1.595491502812526505e+02,-2.938926261462366796e+01,-1.000000000000000000e+01,1.585223342976462391e+02,-2.668108353434956825e+01,-1.069666111242223394e+01,2.978912838702276300e+00
5.000000000000000000e+00,3.100000000000000000e+01,1.635515686289294308e+02,-3.422735529643443897e+01,-1.000000000000000000e+01,1.622670049984005232e+02,-3.166177571304262983e+01,-1.078578635043076872e+01,2.974855039849471972e+00
5.000000000000000000e+00,3.200000000000000000e+01,1.681288005125655332e+02,-3.852566213878947110e+01,-1.000000000000000000e+01,1.665688633732061703e+02,-3.616027208340842236e+01,-1.087652085506293531e+01,2.965933715073297616e+00
5.000000000000000000e+00,3.300000000000000000e+01,1.732086602510501905e+02,-4.221639627510076309e+01,-1.000000000000000000e+01,1.713610144173204048e+02,-4.010947542630842122e+01,-1.096713275317704017e+01,2.964499342594408393e+00
5.000000000000000000e+00,3.400000000000000000e+01,1.787110354217464021e+02,-4.524135262330099039e+01,-1.000000000000000000e+01,1.765702749940600427e+02,-4.344992021987432196e+01,-1.105563996199525434e+01,2.984369446659759006e+00
5.000000000000000000e+00,3.500000000000000000e+01,1.845491502812526221e+02,-4.755282581475767500e+01,-1.000000000000000000e+01,1.821625521446209177e+02,-4.615519342922873847e+01,-1.113671091810020641e+01,2.990207126969876672e+00
5.000000000000000000e+00,3.600000000000000000e+01,1.906309342707137660e+02,-4.911436253643443450e+01,-1.000000000000000000e+01,1.880773723885228605e+02,-4.817260439481947287e+01,-1.120181639246878547e+01,2.975222567251584849e+00
5.000000000000000000e+00,3.700000000000000000e+01,1.968604740235343513e+02,-4.990133642141357484e+01,-1.000000000000000000e+01,1.941909157562497512e+02,-4.943717625292677553e+01,-1.124757383464098837e+01,2.983023043376982208e+00
5.000000000000000000e+00,3.800000000000000000e+01,2.031395259764656771e+02,-4.990133642141357484e+01,-1.000000000000000000e+01,2.004530371599836371e+02,-4.992022216897631637e+01,-1.127096510936137008e+01,2.972024754566831461e+00
5.000000000000000000e+00,3.900000000000000000e+01,2.093690657292862625e+02,-4.911436253643442740e+01,-1.000000000000000000e+01,2.067268493019493576e+02,-4.959530006622995302e+01,-1.127005851224139121e+01,2.970800764267377936e+00
5.000000000000000000e+00,4.000000000000000000e+01,2.154508497187473495e+02,-4.755282581475768211e+01,-1.000000000000000000e+01,2.129040836345121761e+02,-4.846434823338434228e+01,-1.124840678101911351e+01,2.979162650538580426e+00
5.000000000000000000e+00,4.100000000000000000e+01,2.212889645782536263e+02,-4.524135262330097618e+01,-1.000000000000000000e+01,2.188827547280534418e+02,-4.654604370836116800e+01,-1.120823519237642074e+01,2.991972083882605826e+00
5.000000000000000000e+00,4.200000000000000000e+01,2.267913397489498379e+02,-4.221639627510074888e+01,-1.000000000000000000e+01,2.246063427888172725e+02,-4.384602203358431183e+01,-1.114595339706356469e+01,2.956873520586094095e+00
5.000000000000000000e+00,4.300000000000000000e+01,2.318711994874344953e+02,-3.852566213878944978e+01,-1.000000000000000000e+01,2.298699389209598110e+02,-4.048151712240220945e+01,-1.107346453064637615e+01,2.997121730995470745e+00
5.000000000000000000e+00,4.400000000000000000e+01,2.364484313710705976e+02,-3.422735529643441055e+01,-1.000000000000000000e+01,2.347173856271673458e+02,-3.641392362662652715e+01,-1.098575716124445023e+01,2.957924544512489984e+00
5.000000000000000000e+00,4.500000000000000000e+01,2.404508497187474063e+02,-2.938926261462362888e+01,-1.000000000000000000e+01,2.389597831388427949e+02,-3.181724906460513935e+01,-1.088975427295052611e+01,2.984972430900488582e+00
5.000000000000000000e+00,4.600000000000000000e+01,2.438153340021931967e+02,-2.408768370508576595e+01,-1.000000000000000000e+01,2.426033196622857417e+02,-2.668908824594978668e+01,-1.078549839026094048e+01,2.975448212702042294e+00
5.000000000000000000e+00,4.700000000000000000e+01,2.464888242944125807e+02,-1.840622763423389330e+01,-1.000000000000000000e+01,2.455525898461165184e+02,-2.117278932089297427e+01,-1.067538412684056937e+01,2.997756198735042066e+00
5.000000000000000000e+00,4.800000000000000000e+01,2.484291580564315609e+02,-1.243449435824272520e+01,-1.000000000000000000e+01,2.477957293581698650e+02,-1.528480990891563529e+01,-1.055829334921473617e+01,2.972746561341334637e+00
5.000000000000000000e+00,4.900000000000000000e+01,2.496057350657238771e+02,-6.266661678215188935e+00,-1.000000000000000000e+01,2.492706209875884440e+02,-9.193287345413089895e+00,-1.043833641889561648e+01,2.978183684294230194e+00
